{
 "Aphelios": [
  0.1533,
  1,
  0.64
 ],
 "Ashe": [
  0.2193,
  1,
  0.658
 ],
 "Caitlyn": [
  0.1771,
  1,
  0.681
 ],
 "Draven": [
  0.1561,
  1,
  0.679
 ],
 "Ezreal": [
  0.1884,
  1,
  0.625
 ],
 "Jhin": [
  0.1563,
  1,
  0.625
 ],
 "Jinx": [
  0.1688,
  1,
  0.625
 ],
 "Kai'Sa": [
  0.1611,
  1,
  0.644
 ],
 "Kalista": [
  0.36,
  0.75,
  0.694
 ],
 "Kindred": [
  0.1754,
  1,
  0.625
 ],
 "Kog'Maw": [
  0.1662,
  1,
  0.665
 ],
 "Lucian": [
  0.15,
  1,
  0.638
 ],
 "Miss Fortune": [
  0.148,
  1,
  0.656
 ],
 "Samira": [
  0.15,
  1,
  0.658
 ],
 "Senna": [
  0.3125,
  0.6,
  0.625
 ],
 "Sivir": [
  0.12,
  1,
  0.625
 ],
 "Teemo": [
  0.2157,
  1,
  0.69
 ],
 "Tristana": [
  0.148,
  1,
  0.656
 ],
 "Twitch": [
  0.2019,
  1,
  0.679
 ],
 "Varus": [
  0.1754,
  1,
  0.658
 ],
 "Vayne": [
  0.1754,
  1,
  0.658
 ],
 "Xayah": [
  0.1769,
  1,
  0.625
 ],
 "Akshan": [
  0.1333,
  1,
  0.638
 ],
 "Twisted Fate": [
  0.24404,
  1,
  0.651
 ],
 "Quinn": [
  0.17544,
  1,
  0.668
 ],
 "Jayce": [
  0.095,
  0.005,
  0.658
 ],
 "Kayle": [
  0.19355,
  1,
  0.625
 ],
 "Kennen": [
  0.2,
  1,
  0.625
 ],
 "Graves": [
  0.005,
  0.1,
  0.475
 ],
 "Gnar": [
  0.146,
  1,
  0.625
 ],
 "Corki": [
  0.1,
  1,
  0.638
 ],
 "Zeri": [
  0.1884,
  1,
  0.625
 ]
}